{"cameraMode":{"drawMode":0,"name":"Shaded","section":"Shading Mode"},"sceneLighting":true,"audioPlay":false,"sceneViewState":{"showFog":true,"showMaterialUpdate":false,"showSkybox":true,"showFlares":true,"showImageEffects":true,"showParticleSystems":true},"in2DMode":false,"pivot":{"x":-2.3753230571746828,"y":1.6148048639297486,"z":-5.666427135467529},"rotation":{"x":0.03643863648176193,"y":0.9293146133422852,"z":-0.09541065990924835,"w":0.35489875078201296},"size":31.009855270385743,"orthographic":false}